keywords,
banking,1
customs,1
customization,1
market,1
marketing,1
insurance,1
insure,1
financials,1
data,1
payments,1
payment,1
services,1
digital,1
digitization,1
transaction,1
regulation,1
regulate,1
invest,1
identity,1
financial,1
infrastructure,1
technology,1
technologies,1
business,1
legacy,1
platforms,1
innovation,1
innovations,1
innovators,1
innovate,1
innovative,1
innovating,1
automating,1
automate,1
automation,1
automates,1
digitally signs,1
accessible,1
models,1
model,1
modelling,1
secure,1
ledger,1
distributed,1
development,1
develop,1
developing,1
developments,1
developer,1
dlt,1
regulatory,1
operational,1
intermediaries,1
intermediary,1
online,1
governance,1
entity,1
fintechs,1
fintech,1
leverage,1
compliance,1
finance,1
finances,1
scaling,1
initiatives,1
initiative,1
application,1
implementation,1
implementing,1
implementations,1
implement,1
implementable,1
analytics,1
authentic,1
relationship,1
integrity,1
exchange,1
driven decisions,1
decision,1
record,1
legally,1
sophisticate,1
relations,1
behavioural,1
transform,1
transformation,1
transforms,1
analysing,1
analyse,1
analysis,1
tools,1
tool,1
segmentation,1
dtcc,1
blockchain,1
economic,1
artificial,1
intelligence,1
idp,1
algorithmic,1
targets,1
strategic analyses,1
amazon,1
kyc,1
machine,1
learning,1
aml,1
fdf,1
validation,1
standardise,1
tokenization,1
tokenize,1
breach,1
intelligence,1
database,1
software,1
beneficiary,1
api,1
monetize,1
Cryptocurrency,1
eIDV,1
Encryption,1
KBA,1
Joint account,1
ICO,1
