financial,68595.0
customers,26258.0
identity,263.0
data,13214.0
institutions,2509.0
market,5565.0
services,24104.0
platforms,3888.0
customer,16358.0
digital,1987.0
information,7258.0
traditional,219.0
bank,21118.0
world,4821.0
insurance,1096.0
risk,10879.0
products,20560.0
investors,965.0
payment,671.0
investment,21104.0
economic,335.0
forum,27.0
capital,2613.0
systems,3628.0
management,33848.0
lending,14902.0
transactions,6774.0
technology,24391.0
potential,3750.0
business,45928.0
regulatory,7930.0
intermediaries,176.0
solutions,30578.0
service,17624.0
incumbents,280.0
asset,4645.0
global,11531.0
platform,2949.0
equity,1193.0
smart,392.0
credit,7583.0
industry,11072.0
trade,1031.0
infrastructure,3075.0
models,1385.0
trading,1036.0
transfer,287.0
transaction,2676.0
automated,496.0
product,7663.0
markets,3085.0
banking,25074.0
online,2109.0
ecosystem,155.0
firms,252.0
attributes,117.0
mobile,3021.0
scale,1453.0
investor,817.0
distributed,721.0
core,2997.0
impact,3560.0
critical,4251.0
focus,4680.0
sources,1571.0
network,6040.0
contract,102.0
lenders,1224.0
distribution,214.0
offer,5367.0
capabilities,3334.0
project,5219.0
benefits,2923.0
experience,40854.0
development,23975.0
schemes,11.0
lead,4129.0
compliance,6888.0
conditions,837.0
settlement,226.0
innovation,1078.0
shift,244.0
control,4989.0
loan,9977.0
retail,3886.0
managers,6069.0
fintechs,6.0
entity,266.0
competitive,1981.0
innovations,1224.0
companies,3371.0
ledger,209.0
growth,7281.0
cloud,2635.0
ai,82.0
intelligence,438.0
