fintech,89
customers,26258
data,13214
services,24104
platforms,3888
digital,1987
information,7258
investment,21104
risk,10879
future,817
technology,24391
opportunities,11781
users,659
solutions,30578
global,11531
equity,1193
platform,2949
service,17624
automated,496
network,6040
individuals,2772
development,23975
experience,40854
innovation,1078
compliance,6888
improve,3275
fintechs,6
innovations,1224
emerging,572
competitive,1981
connected,1071
growth,7281
competition,24
technologies,4326
model,2307
reduce,248
efficiency,598
strategy,3169
solution,868
strategies,7143
ownership,2001
develop,9719
experts,3393
savings,42
deliver,7780
social,174
security,3155
automation,1388
analysis,4586
leading,6869
revenue,1400
reducing,67
disruptive,6
delivery,3900
consumers,2523
startups,10
analytics,2646
ai,82
algorithmic,25
accuracy,1892
professional,11372
operating,1940
profitability,488
potentially,50
streamlined,81
governance,1300
standardized,79
innovative,3079
automate,207
reporting,4566
privacy,65
perform,2045
expertise,4307
research,1393
blockchain,42
improvements,606
consumer,4475
algorithms,145
innovators,1554
technological,104
knowledge,15126
leadership,4427
cloud,2635
challenging,411
statistics,233
cyber,393
specialized,1573
analytical,2900
cryptographic,20
web,1350
scalable,300
fraudulent,45
products,20560
intelligence,438
capital,2613
audit,1401
stakeholders,2892
business,45928
asset,4645
mobile,3021
implementation,2444
applications,4096
virtual,586
ecosystems,18
